{
  "appId": "com.luc.app",
  "appName": "LUC",
  "bundledWebRuntime": false,
  "npmClient": "npm",
  "webDir": "www",
  "orientation": "portrait",
  "plugins": {
    "SplashScreen": {
      "launchShowDuration": 500,
      "androidScaleType": "CENTER_CROP"
    },
    "GoogleAuth": {
      "scopes": [
        "profile",
        "email"
      ],
      "serverClientId": "345754396950-9ie0u4sfo1h1q1c0bl7rgep9tkjau18l.apps.googleusercontent.com",
      "forceCodeForRefreshToken": true
    }
  },
  "cordova": {}
}
